{"cameraMode":{"drawMode":0,"name":"Shaded","section":"Shading Mode"},"sceneLighting":false,"audioPlay":false,"sceneViewState":{"showFog":true,"showMaterialUpdate":true,"showSkybox":true,"showFlares":true,"showImageEffects":true,"showParticleSystems":true},"in2DMode":false,"pivot":{"x":-100.90956115722656,"y":108.4024658203125,"z":5.9459333419799809},"rotation":{"x":-0.06523308902978897,"y":0.9135441184043884,"z":-0.1622854769229889,"w":-0.36721280217170718},"size":320.9609375,"orthographic":false}