{"cameraMode":{"drawMode":0,"name":"Shaded","section":"Shading Mode"},"sceneLighting":true,"audioPlay":false,"sceneViewState":{"showFog":false,"showMaterialUpdate":false,"showSkybox":false,"showFlares":false,"showImageEffects":false,"showParticleSystems":false},"in2DMode":false,"pivot":{"x":-31.035226821899415,"y":-13.718387603759766,"z":-21.134105682373048},"rotation":{"x":0.13790638744831086,"y":-0.8615758419036865,"z":0.3611237704753876,"w":0.3290267288684845},"size":57.734134674072269,"orthographic":false}