{"cameraMode":{"drawMode":0,"name":"Shaded","section":"Shading Mode"},"sceneLighting":false,"audioPlay":false,"sceneViewState":{"showFog":false,"showMaterialUpdate":false,"showSkybox":false,"showFlares":false,"showImageEffects":false,"showParticleSystems":false},"in2DMode":false,"pivot":{"x":61.57047653198242,"y":30.64764404296875,"z":51.513893127441409},"rotation":{"x":0.17862063646316529,"y":0.7068408131599426,"z":-0.1922084540128708,"w":0.6569069623947144},"size":2.46867036819458,"orthographic":true}