{"cameraMode":{"drawMode":0,"name":"Shaded","section":"Shading Mode"},"sceneLighting":false,"audioPlay":false,"sceneViewState":{"showFog":false,"showMaterialUpdate":false,"showSkybox":false,"showFlares":false,"showImageEffects":false,"showParticleSystems":false},"in2DMode":false,"pivot":{"x":54.74612045288086,"y":32.056121826171878,"z":51.16684341430664},"rotation":{"x":-0.01622352935373783,"y":0.9795932769775391,"z":-0.1797747015953064,"w":-0.08840198069810868},"size":2.4983932971954347,"orthographic":false}