{"cameraMode":{"drawMode":0,"name":"Shaded","section":"Shading Mode"},"sceneLighting":false,"audioPlay":false,"sceneViewState":{"showFog":false,"showMaterialUpdate":false,"showSkybox":false,"showFlares":false,"showImageEffects":false,"showParticleSystems":false},"in2DMode":false,"pivot":{"x":62.290687561035159,"y":30.970434188842775,"z":54.797874450683597},"rotation":{"x":0.3211382031440735,"y":-0.09072758257389069,"z":0.030924247577786447,"w":0.9421690106391907},"size":0.00002462005795678124,"orthographic":true}