{"cameraMode":{"drawMode":0,"name":"Shaded","section":"Shading Mode"},"sceneLighting":false,"audioPlay":false,"sceneViewState":{"showFog":true,"showMaterialUpdate":true,"showSkybox":true,"showFlares":true,"showImageEffects":true,"showParticleSystems":true},"in2DMode":false,"pivot":{"x":367.5191650390625,"y":93.47251892089844,"z":211.61663818359376},"rotation":{"x":0.18495699763298036,"y":-0.3338110148906708,"z":0.06697184592485428,"w":0.921887218952179},"size":951.5023193359375,"orthographic":true}