{"cameraMode":{"drawMode":0,"name":"Shaded","section":"Shading Mode"},"sceneLighting":true,"audioPlay":false,"sceneViewState":{"showFog":true,"showMaterialUpdate":true,"showSkybox":true,"showFlares":true,"showImageEffects":true,"showParticleSystems":true},"in2DMode":false,"pivot":{"x":253.96160888671876,"y":47.68257141113281,"z":279.00762939453127},"rotation":{"x":-0.06754622608423233,"y":-0.4731079339981079,"z":0.03641019016504288,"w":-0.8776563405990601},"size":290.1643981933594,"orthographic":true}