{"cameraMode":{"drawMode":0,"name":"Shaded","section":"Shading Mode"},"sceneLighting":true,"audioPlay":false,"sceneViewState":{"showFog":true,"showMaterialUpdate":true,"showSkybox":true,"showFlares":true,"showImageEffects":true,"showParticleSystems":true},"in2DMode":false,"pivot":{"x":672.651123046875,"y":99.75123596191406,"z":442.96563720703127},"rotation":{"x":-0.11297614872455597,"y":-0.5911659598350525,"z":0.0840969979763031,"w":-0.7941579818725586},"size":1549.83349609375,"orthographic":false}