{"cameraMode":{"drawMode":0,"name":"Shaded","section":"Shading Mode"},"sceneLighting":true,"audioPlay":false,"sceneViewState":{"showFog":true,"showMaterialUpdate":true,"showSkybox":true,"showFlares":true,"showImageEffects":true,"showParticleSystems":true},"in2DMode":false,"pivot":{"x":136.0361328125,"y":39.5908203125,"z":217.39990234375},"rotation":{"x":0.07445076107978821,"y":0.34696123003959658,"z":-0.027640480548143388,"w":0.934511125087738},"size":299.3441467285156,"orthographic":true}