{"cameraMode":{"drawMode":0,"name":"Shaded","section":"Shading Mode"},"sceneLighting":false,"audioPlay":false,"sceneViewState":{"showFog":true,"showMaterialUpdate":true,"showSkybox":true,"showFlares":true,"showImageEffects":true,"showParticleSystems":true},"in2DMode":false,"pivot":{"x":295.5782775878906,"y":35.915225982666019,"z":118.35676574707031},"rotation":{"x":0.18495699763298036,"y":-0.3338109850883484,"z":0.06697184592485428,"w":0.921887218952179},"size":31.529090881347658,"orthographic":true}