{"cameraMode":{"drawMode":0,"name":"Shaded","section":"Shading Mode"},"sceneLighting":false,"audioPlay":false,"sceneViewState":{"showFog":true,"showMaterialUpdate":true,"showSkybox":true,"showFlares":true,"showImageEffects":true,"showParticleSystems":true},"in2DMode":false,"pivot":{"x":189.2991943359375,"y":4.6003265380859379,"z":289.5308837890625},"rotation":{"x":-0.10505690425634384,"y":-0.1515389233827591,"z":0.016202237457036973,"w":-0.9827189445495606},"size":137.61080932617188,"orthographic":true}