{"cameraMode":{"drawMode":0,"name":"Shaded","section":"Shading Mode"},"sceneLighting":false,"audioPlay":false,"sceneViewState":{"showFog":true,"showMaterialUpdate":true,"showSkybox":true,"showFlares":true,"showImageEffects":true,"showParticleSystems":true},"in2DMode":false,"pivot":{"x":273.7138671875,"y":46.74769592285156,"z":93.78284454345703},"rotation":{"x":0.19532820582389832,"y":-0.5128371715545654,"z":0.12110576033592224,"w":0.8271507620811462},"size":72.86943054199219,"orthographic":true}