{"cameraMode":{"drawMode":0,"name":"Shaded","section":"Shading Mode"},"sceneLighting":false,"audioPlay":false,"sceneViewState":{"showFog":true,"showMaterialUpdate":true,"showSkybox":true,"showFlares":true,"showImageEffects":true,"showParticleSystems":true},"in2DMode":false,"pivot":{"x":84.43136596679688,"y":236.91519165039063,"z":12.197072982788086},"rotation":{"x":0.19561173021793366,"y":-0.7427996397018433,"z":0.24574297666549684,"w":0.5912656784057617},"size":700.5812377929688,"orthographic":true}