{"cameraMode":{"drawMode":0,"name":"Shaded","section":"Shading Mode"},"sceneLighting":false,"audioPlay":false,"sceneViewState":{"showFog":true,"showMaterialUpdate":true,"showSkybox":true,"showFlares":true,"showImageEffects":true,"showParticleSystems":true},"in2DMode":false,"pivot":{"x":194.43310546875,"y":68.2910385131836,"z":253.85684204101563},"rotation":{"x":-0.08684730529785156,"y":0.5387508869171143,"z":-0.05596068128943443,"w":-0.8361061811447144},"size":399.6400146484375,"orthographic":false}