{"cameraMode":{"drawMode":0,"name":"Shaded","section":"Shading Mode"},"sceneLighting":false,"audioPlay":false,"sceneViewState":{"showFog":true,"showMaterialUpdate":true,"showSkybox":true,"showFlares":true,"showImageEffects":true,"showParticleSystems":true},"in2DMode":false,"pivot":{"x":169.2899932861328,"y":32.601097106933597,"z":190.88388061523438},"rotation":{"x":0.26136302947998049,"y":0.05642722174525261,"z":-0.015307239256799221,"w":0.9634683132171631},"size":3.028688669204712,"orthographic":false}