{"cameraMode":{"drawMode":0,"name":"Shaded","section":"Shading Mode"},"sceneLighting":false,"audioPlay":false,"sceneViewState":{"showFog":true,"showMaterialUpdate":true,"showSkybox":true,"showFlares":true,"showImageEffects":true,"showParticleSystems":true},"in2DMode":false,"pivot":{"x":204.01010131835938,"y":-6.734443664550781,"z":-28.410938262939454},"rotation":{"x":0.05974305793642998,"y":0.9317538142204285,"z":-0.17967857420444489,"w":0.30980831384658816},"size":141.2936248779297,"orthographic":false}