{"cameraMode":{"drawMode":0,"name":"Shaded","section":"Shading Mode"},"sceneLighting":false,"audioPlay":false,"sceneViewState":{"showFog":false,"showMaterialUpdate":false,"showSkybox":false,"showFlares":false,"showImageEffects":false,"showParticleSystems":false},"in2DMode":false,"pivot":{"x":72.94992065429688,"y":0.01683509349822998,"z":38.829654693603519},"rotation":{"x":-0.011080662719905377,"y":0.9865397810935974,"z":-0.07561831176280976,"w":-0.14456285536289216},"size":0.07363411039113999,"orthographic":true}