{"cameraMode":{"drawMode":0,"name":"Shaded","section":"Shading Mode"},"sceneLighting":false,"audioPlay":false,"sceneViewState":{"showFog":false,"showMaterialUpdate":false,"showSkybox":false,"showFlares":false,"showImageEffects":false,"showParticleSystems":false},"in2DMode":false,"pivot":{"x":-0.02535632811486721,"y":0.01285521313548088,"z":-0.07710836827754975},"rotation":{"x":-0.032464399933815,"y":0.9646108746528626,"z":-0.1428285390138626,"w":-0.21925322711467744},"size":19.70010757446289,"orthographic":true}