{"cameraMode":{"drawMode":0,"name":"Shaded","section":"Shading Mode"},"sceneLighting":false,"audioPlay":false,"sceneViewState":{"showFog":false,"showMaterialUpdate":false,"showSkybox":false,"showFlares":false,"showImageEffects":false,"showParticleSystems":false},"in2DMode":false,"pivot":{"x":-0.08778083324432373,"y":-0.5195618271827698,"z":0.8967485427856445},"rotation":{"x":-0.04211971163749695,"y":0.9460614323616028,"z":-0.13718244433403016,"w":-0.2904733419418335},"size":61.409950256347659,"orthographic":false}